Parameter,Estimate,Boot median,Boot 2.5%,Boot 97.5%
ka,1.4752606076656873,1.44110647247361,1.1348652178871852,2.417492120966271
cl,2.7873829191903923,2.8056587390774164,2.3985594320497934,3.297356102026719
v,32.00968810065348,31.980847344809852,29.247845886550508,35.28531763254786
add.sd,0.2613416783958956,0.2366825657463457,0.04331611236128602,0.47618542955185966
prop.sd,0.1362375644764341,0.14122173536693955,0.05767553005123714,0.19337114948104503
