Parameter,Scenario,ratio,lo,hi
Clearance (CL),light (55 kg),0.9193217584318929,0.7172649132060039,1.1782989519850855
Clearance (CL),heavy (85 kg),1.0700689080619712,0.8762605402543961,1.3067431607367703
Volume (V),light (55 kg),0.8681199858447392,0.7628693388786701,0.9878917285243403
Volume (V),heavy (85 kg),1.1205946210474087,1.0098559413801176,1.2434766715381618
