Model,OFV,AIC,BIC,nPar,dOFV,dAIC
Base (IIV on CL),177.8078629469379,432.40763571297146,449.70444724848966,6,0,0
"IIV on CL, V, Ka",104.36273674455137,362.96250951058494,386.0249248912759,8,-73.45,-69.45
