Model,OFV,AIC,BIC,nPar,dOFV,dAIC
1-compartment (selected),104.36273674455137,362.96250951058494,386.0249248912759,8,0,0
2-compartment,102.7493170660067,365.3490898320403,394.17710905790403,10,-1.61,2.39
