Model,OFV,AIC,BIC,nPar,dOFV,dAIC
IIV (no covariate),104.36273674455137,362.96250951058494,386.0249248912759,8,0,0
Weight on CL & V,100.7088245514163,363.3085973174499,392.1366165433136,10,-3.65,0.35
