Parameter,N,Geo. mean,Geo. CV%,Min,Median,Max
cmax,12,8.646216792863347,16.977760542117302,6.44,8.465,11.4
tmax,12,1.5151505042092521,64.66810773167433,0.63,1.135,3.55
auclast,12,98.65049174228407,22.53781636512832,71.69701499437267,92.30473664085241,147.2347485370038
aucinf.obs,12,114.81404789663152,28.425694344175596,82.17588332456043,104.14048441352102,214.92363157522973
half.life,12,7.986623921113481,21.854462678205085,6.286508163671894,7.8708330646336515,14.304377571097012
cl.obs,12,2.74425865551506,27.85716400445264,1.4888637310597144,2.9049531687060792,3.8940865258014155
vz.obs,12,31.620069212650904,19.20677649746208,23.11137350264726,31.077447468815606,44.35393475025147
aucpext.obs,12,12.891223027633336,38.168737839816266,8.432966473755588,12.82142095331237,31.49438828206882
